stamp_ns,x,y,z,qx,qy,qz,qw
1790244976262057304,0.0014345526613600023,-0.0007106979088441456,-0.0013889018654154436,0.008774262322446253,-0.0050262877251361126,9.667218747689935e-05,0.9999488683962222
1790244976362067222,0.07170578013328595,-0.006500300004903873,0.033435088913178715,0.008651998318820015,-0.005411284541356589,0.014937092609099745,0.999836358705303
1790244976462067127,0.10189283159295909,0.003252694415497419,0.03302551076755977,0.008673459755622503,-0.0053337329184351,0.0249608649041728,0.9996365727664436
1790244976562062263,0.13727593432470525,0.009154358036669695,0.016018374450632547,0.00834809383115599,-0.0053788635348315985,0.03505104355955565,0.9993361804226976
1790244976662062168,0.17672093610618542,0.007961516294861382,-0.014371506160137115,0.008478337251002326,-0.005502364433273639,0.04541647743479275,0.9989170062425072
1790244976762067317,0.2197248620476287,0.015166588798539405,-0.044725503589922125,0.008688434621101427,-0.005598451373043039,0.0550537316870718,0.9984298949217024
1790244976862072229,0.2578728021543304,0.01887522705603688,-0.062308062477163285,0.008365082419620626,-0.005694423121374552,0.06531466012628181,0.9978134064613424
1790244976962067127,0.29943331584931904,0.028906120420704524,-0.06127747225077102,0.008369322556407759,-0.00583037094672091,0.0749593192653284,0.9971344250750837
1790244977062067270,0.33511001916498107,0.03349365231500069,-0.04107989609942051,0.00834371951194374,-0.0058086856263709985,0.0851802817514471,0.9963136861032814
1790244977162067174,0.3744288916162362,0.04179103993164575,-0.010429981134587419,0.008362410146895106,-0.005945356554345869,0.09511582821442474,0.9954133322670653
1790244977262067317,0.41466882342199346,0.05130906573176775,0.01864614364186921,0.00820731030280848,-0.006193647073179028,0.1045547214062662,0.9944659818340406
1790244977362062215,0.4467698532852813,0.05515196827869074,0.037251090645623056,0.008239616883039452,-0.006102579540229559,0.11488757270315504,0.9933255825130578
1790244977462062120,0.48732066001821983,0.06405400842218352,0.036768026118264796,0.008071205110762748,-0.006261762131465936,0.12514386866397997,0.9920860134680035
1790244977562057256,0.5315599744910441,0.07714032522628686,0.02070147386822162,0.00789802206445574,-0.006419354309455579,0.13463264234949837,0.9908433098889361
1790244977662057161,0.5682200724556752,0.08957583156342198,-0.00868191282352888,0.007927361663322327,-0.00655981206882089,0.1445049284188343,0.9894505806078918
1790244977762067317,0.6061980014857974,0.10250222586147342,-0.03835806297975713,0.0077309652015297645,-0.0064732272099260095,0.15450879318320565,0.987939958871769
1790244977862067222,0.642724631280808,0.11337050421864463,-0.05653863495405247,0.0077163723983758445,-0.006556042259973356,0.16447120604918058,0.9863299135114797
1790244977962057113,0.6798087838061,0.12221106448731853,-0.05580123558150367,0.007701680168592821,-0.006512770956487891,0.17435916081360764,0.9846304641729081
1790244978062067270,0.7205722095206648,0.13772448964509884,-0.035893036025697884,0.007743643554926397,-0.006709585820786866,0.18394852954535099,0.982882473096678
1790244978162067174,0.7535102560020203,0.1533970133686928,-0.004631412222121335,0.007700193006287592,-0.006725254204223214,0.1939329408619333,0.9809615142461622
1790244978262072324,0.7898697899362944,0.1704337270078541,0.02549985051006121,0.007512360861290129,-0.006882370741131944,0.20364317506849347,0.978992162713888
1790244978362067222,0.8253410694895598,0.18232547771493263,0.04340352426747819,0.007449989088137575,-0.007040318776667994,0.21318635542297695,0.9769577828317336
1790244978462072134,0.8577532351718933,0.20453912360391086,0.04356942797123833,0.007424271878256746,-0.007058335878718636,0.22330111269972291,0.9746956823279167
1790244978562057256,0.8949057190891883,0.217961547243783,0.02624221118396048,0.007289231195889988,-0.007111192075456771,0.23313739910348957,0.9723904828796975
1790244978662067174,0.9322765210502355,0.23687117606371622,-0.0024681282767056237,0.0072610206539351265,-0.007224325196216357,0.2427165243039124,0.9700431823038917
1790244978762057304,0.967127171117458,0.2565543190431955,-0.03221298122847316,0.007194122339429128,-0.0071801492360520185,0.2523158845781913,0.9675915380211547
1790244978862062215,1.0013719319118348,0.2775753575536418,-0.04860540722754213,0.007086404552049123,-0.007238170028707849,0.26203163231736093,0.9650061219651189
1790244978962062120,1.0351026245206028,0.2971958076499329,-0.047733770626363276,0.0073195754542571346,-0.007502978869845233,0.27115137902925285,0.9624796407060654
1790244979062062263,1.065684019342372,0.3200834473459384,-0.02804258174167259,0.0069551023313424295,-0.007444105234278007,0.280939488685273,0.9596714101951623
1790244979162062168,1.098139269184317,0.34277890132797445,0.0016861285163768688,0.00693993198668817,-0.007588761835423386,0.2908186169309284,0.9567229379941183
1790244979262067317,1.1300028365853612,0.36748511728251704,0.03098403460342555,0.006950892185323387,-0.007506879974889337,0.3001782682854777,0.9538282545091075
1790244979362072229,1.1635863971484814,0.3840644986047424,0.05013917313055366,0.006644324321683554,-0.0076060265239493215,0.30979324550697934,0.9507503070485744
1790244979462072134,1.196854362352613,0.4070884327889346,0.050579431878038324,0.006780028779159683,-0.0076582467364107246,0.3191067005076798,0.9476635986243512
1790244979562057256,1.226499658037871,0.4307469986554667,0.034423708899703205,0.006656163882840283,-0.007780471439934653,0.32893446127926107,0.9442972413013448
1790244979662067174,1.2600893542926226,0.4571350597981851,0.0049280210870728085,0.006492199308818141,-0.007911791408495681,0.33820373837928847,0.9410172613990571
1790244979762072324,1.28864490252524,0.489508614191832,-0.02486705574694281,0.0064695723940352045,-0.00786605137404006,0.3478514408780561,0.9374943439550667
1790244979862072229,1.3163114336684376,0.5130961191409078,-0.04334457346427313,0.006237661751890115,-0.007777976801654813,0.3570190310587778,0.9340438994578635
1790244979962057113,1.3462576439942655,0.5409592401847724,-0.04083477135222186,0.006202948853916708,-0.00788790689614668,0.36634750617461026,0.9304239942466077
1790244980062062263,1.3750553107778465,0.563713686802442,-0.021834567908363592,0.006211283140114136,-0.008113309323351319,0.37554238057268563,0.9267488950990055
1790244980162072181,1.402945818944955,0.5937314160877354,0.010180969034371745,0.006077020693422529,-0.008061605275562432,0.3849153704116231,0.9228966561650339
1790244980262072324,1.430840425710651,0.6252552718231617,0.039420306538396316,0.006168403860505574,-0.008300507337879232,0.3939804896184958,0.9190606215977045
1790244980362072229,1.4585279965196285,0.6539953155608033,0.05861527465415588,0.005954185562305904,-0.00830552741126058,0.40308694804590883,0.9151046269162806
1790244980462062120,1.484369423439602,0.6811365729457074,0.06003568603509434,0.005879202902369576,-0.008258427149915934,0.4126016438522882,0.9108551568962346
1790244980562072277,1.5079215799369763,0.7114255643395402,0.04211010542208055,0.005689384845190064,-0.008519789669993573,0.4216054662299613,0.906721497996441
1790244980662072181,1.5332948883606727,0.7453883185548944,0.011663415739741166,0.005837683514748881,-0.008359158035775444,0.4306266243060219,0.902472579288005
1790244980762052536,1.5598215268768987,0.7770599743644949,-0.018013040868012642,0.0056072359035141545,-0.00834658761124949,0.4393487849996668,0.8982602843830461
1790244980862072229,1.586326117251512,0.8071596212634661,-0.03329676003337765,0.005534076457954685,-0.008479539306158154,0.4483291593797496,0.8938111860234128
1790244980962067127,1.602066218222946,0.8397676827030937,-0.03409845035917691,0.005539019114633873,-0.00855799386981898,0.45732174342985493,0.8892428818912582
1790244981062067270,1.625100492216226,0.8682559355652553,-0.013595128020381162,0.00530442369864902,-0.00857694124328356,0.4661989141461898,0.8846224458020878
1790244981162072181,1.6478697260058994,0.9022862939116472,0.017678664288566855,0.005177711707146552,-0.008496581023386357,0.4749832098475564,0.8799386056851456
1790244981262062311,1.6699492727227405,0.9356250544782831,0.048093312201262506,0.00505460899922608,-0.008917466844356,0.4838228185580518,0.8751059421323228
1790244981362067222,1.6897717127581937,0.9698337693919499,0.06627915360617412,0.004917065725585445,-0.0088389129440515,0.4926373535843168,0.8701759212572296
1790244981462057113,1.7131572329467386,1.0012136274175154,0.06673149397214548,0.004926856880213196,-0.008853965623715196,0.5013337345929136,0.8651946716970359
1790244981562067270,1.7293428343624144,1.0375661585960503,0.05025148527459015,0.004919067126155222,-0.009076830692674514,0.5098307796016207,0.8602127586206736
1790244981662057161,1.747204333846608,1.0723820705976623,0.019672232193133903,0.004836914061178613,-0.008953833196918821,0.5184311546595071,0.8550588114344279
1790244981762062311,1.7661439423689254,1.1077199813694496,-0.009300175364208118,0.004567970555682384,-0.008833120860055886,0.5267912910594658,0.8499364948539236
1790244981862057209,1.7829838355254044,1.143369191129424,-0.02640560830735771,0.004671411583877442,-0.009000851733538488,0.5352322913279296,0.8446440415355654
1790244981962057113,1.7986884728384314,1.1780866005881405,-0.02484702953089618,0.004499086620812814,-0.009118831505664143,0.5438892978479947,0.8390953681303217
1790244982062072277,1.818773654404923,1.2161393556006286,-0.00599611054547866,0.004332017209839148,-0.009125387649524053,0.552238166697441,0.8336251964579641
1790244982162057161,1.8296842511067632,1.252024024099073,0.024672590760282703,0.004296034246221806,-0.009194603669153733,0.5604995313134058,0.8280925544589575
1790244982262062311,1.845273455330406,1.2918597605964817,0.056014986583011635,0.004204425228990308,-0.009390166644859347,0.5687164387552069,0.8224693063380893
1790244982362072229,1.857088189271122,1.3248656200790452,0.07528376637865437,0.004198439117590228,-0.009564647487578105,0.5769110324577678,0.816740198138742
1790244982462072134,1.8681836654372075,1.3654740790649724,0.07572199903980611,0.0040732834670972945,-0.009402217658454191,0.5850341283901894,0.81094394090061
1790244982562067270,1.8839965085750194,1.4046333281133712,0.05762056246156413,0.0040220553059323715,-0.00952587079295381,0.5932748657659723,0.80493354664028
1790244982662062168,1.8934628539615035,1.4426219999305379,0.02891877988920835,0.003969826286936554,-0.00943220129444312,0.6012149738726418,0.7990217952278207
1790244982762072324,1.902448561072626,1.4781755846908495,-0.0021204159696760535,0.0038159459696961904,-0.009377265672333573,0.6091722059424363,0.7929733469366209
1790244982862067222,1.9116334269737507,1.5166266658209593,-0.01877952273196989,0.0038903638280372247,-0.009704891008569702,0.616976389689192,0.7869122026793421
1790244982962062120,1.924185829561571,1.555773486683043,-0.016222150783208412,0.0036632067195756044,-0.009586607263325856,0.6248969938268916,0.7806397536531102
1790244983062072277,1.93311444177135,1.5942574088252877,0.001266851741906441,0.003474125966664372,-0.009613277376401792,0.6326496871507602,0.7743706403878308
1790244983162072181,1.9369447148358976,1.6336404516589718,0.03277616443496607,0.0034049284900929356,-0.009570526783065662,0.640578274083221,0.7678256874130941
1790244983262062311,1.9435393328046984,1.6734758687694244,0.06373942768194588,0.003260619282953373,-0.009676045409528964,0.6482325683485354,0.7613739421855343
1790244983362062215,1.9520865131965488,1.7065752989599963,0.08113011291668618,0.003150954469697398,-0.009733489416041281,0.6555682317992321,0.7550666355528467
1790244983462072134,1.9543545311110526,1.744464744889363,0.08318915358625617,0.0031041062542352853,-0.009819935469069348,0.6629792020866188,0.7485669716144858
1790244983562072277,1.9557226643890162,1.7870763925299937,0.06582178661778842,0.003034022699628092,-0.00988080556471041,0.6705855921574743,0.7417601552915877
1790244983662057161,1.964668562200066,1.82783336363899,0.035832272707399894,0.002859480893019335,-0.009843318907892619,0.6780475941333735,0.7349465235862983
1790244983762072324,1.9668603900645778,1.8669750322528191,0.007278107458957198,0.002751383960907557,-0.009838471791023823,0.685407973694759,0.728087593600175
1790244983862057209,1.9673240894909123,1.9071157328811001,-0.009622590339254281,0.0027060571155341764,-0.00982127255332492,0.6925849228072316,0.7212644068302211
1790244983962072134,1.9689459427173945,1.9498157034846286,-0.009903269450155676,0.002665704600561081,-0.009751144207608598,0.6996252218337545,0.7144384915298291
1790244984062072277,1.9663887891856908,1.9883758496366706,0.00817103741570215,0.002565814238779796,-0.010031514489734543,0.7070190287308131,0.7071187158650146
1790244984162057161,1.9630006060364869,2.0287067331453197,0.040009298166752125,0.0025446116674556715,-0.00991189541495519,0.7139945748802757,0.7000764431988725
1790244984262067317,1.967687828473908,2.0634547745109715,0.0707859374722599,0.0023692234547128535,-0.009916555439237574,0.7209566383525874,0.6929051697912727
1790244984362062215,1.9597436000070136,2.100431509376143,0.09056006895035884,0.0022390814570835966,-0.009974790394177218,0.7276718849451715,0.6858491947438982
1790244984462057113,1.9588669348904997,2.1456228116843863,0.08893858636359056,0.0022857827889724734,-0.010001166449645866,0.734579567460777,0.6784449947751923
1790244984562072277,1.9599447145209064,2.1844027334432434,0.07199130192483073,0.0020375901410674283,-0.010251438035462215,0.741157982135807,0.6712492843651148
1790244984662057161,1.9518084209491826,2.220263735196637,0.04251165976159777,0.0019029192091716029,-0.009976391469935803,0.7480764981230235,0.6635347793954642
1790244984762057304,1.9453660707914513,2.2647433825153698,0.013005809464553935,0.001884349973418563,-0.010168179339195758,0.7546569607376499,0.6560380545090234
1790244984862057209,1.9401542758528614,2.300038466560399,-0.005767820829985498,0.00208503215645422,-0.010031374131529169,0.7611559233887868,0.6484879987044992
1790244984962057113,1.9354167715378008,2.3397141223400317,-0.003215762678191955,0.0015463056835886794,-0.009994867032283132,0.7674869626847184,0.6409847686804897
1790244985062067270,1.9267130902488971,2.3784243558428373,0.016650853696990403,0.0016051664092197064,-0.010095667975760296,0.7738514815050014,0.6332846007136816
1790244985162067174,1.914549158185464,2.41879277190672,0.046732978069083615,0.001453971816666702,-0.01009523536056315,0.7801615758995494,0.6254949141907867
1790244985262062311,1.9102283914447011,2.4543071417498115,0.07820999102837085,0.0014951653749112415,-0.010061792286437872,0.7863446067510047,0.6177043663838937
1790244985362062215,1.8975339563957245,2.495243405329243,0.09603158125287997,0.0012091850900327447,-0.010206881824928226,0.7925938369510184,0.6096633227132219
1790244985462057113,1.887339706343279,2.5319820780493885,0.09727018007602754,0.0011281771031355636,-0.010327373056522773,0.7986384765991562,0.6017214108515528
1790244985562067270,1.8724581982439719,2.5744752136289035,0.0797669976541192,0.001075564943174492,-0.010424797403062529,0.8046575967869272,0.5936466277945741
1790244985662052392,1.8629390299446205,2.611816218401566,0.04973561385539124,0.0009154460436683477,-0.010270590579090437,0.8106221896164072,0.5854787294418284
1790244985762072324,1.8457743866192935,2.6473966873821513,0.018797944658978993,0.0008392053139308696,-0.010141872189736629,0.8162549636597474,0.577602174912256
1790244985862067222,1.8367563620640774,2.6822018654068387,0.000723238940755975,0.0007602422244757428,-0.010184197152907998,0.8219694327439561,0.5694400370489391
1790244985962057113,1.8251092581658295,2.71826055497655,0.0009341996746836876,0.0005095323439648539,-0.010193443189329477,0.8275038468829192,0.5613672750404245
1790244986062057256,1.8075052631506145,2.75521862526662,0.022438761890183543,0.000565932534135821,-0.010182096692370673,0.8332105953997454,0.5528617443272021
1790244986162067174,1.7926932143316743,2.791741246869282,0.05154375508293751,0.00037868896099652147,-0.010282140067472426,0.8387043487449278,0.5444898066871798
1790244986262067317,1.7798591811089866,2.8260452056091716,0.08266887864314357,0.0002613231707428269,-0.010279681115501647,0.844117217500079,0.5360600553910715
1790244986362057209,1.7587172775614905,2.862642616227692,0.10098788291927815,3.5295870251096066e-05,-0.0102197276105354,0.8493570848448193,0.5277197157064218
1790244986462072134,1.7379704714157758,2.8987524625540684,0.10157297413495968,0.0001355614348193143,-0.01024889473981862,0.8547656062545875,0.5189129986264712
1790244986562057256,1.7188698056322969,2.933730638416421,0.08399663673834869,0.00011660093542378612,-0.010345738344132709,0.8598433061715137,0.5104531721264426
1790244986662062168,1.6999493698740722,2.9677447365899616,0.05317976549019358,-0.00011405115890972744,-0.010193946264495723,0.8650728714387131,0.5015426178823128
1790244986762067317,1.6794442555157028,3.004328446901689,0.02348564875662625,-8.737674828758782e-05,-0.010025007793735398,0.8700080260906872,0.4929356206660475
1790244986862057209,1.660874201589774,3.03605876084125,0.0043562839250203865,-0.00015642826641181385,-0.010053029798136933,0.8747502917928663,0.48446964727417546
1790244986962067127,1.6379259328007083,3.070482959848738,0.005589199869724238,-0.0003751549657256852,-0.010341405406777497,0.8796191377909452,0.4755660700938092
1790244987062072277,1.617678802943575,3.0988899817173454,0.02701871937461403,-0.000446615306983453,-0.010238277081270671,0.8842408497696779,0.46691872720566746
1790244987162072181,1.5913356577999274,3.1293008946448833,0.0571721148147418,-0.0004554073862003298,-0.01023180032204234,0.8889481270564846,0.45789336124105473
1790244987262067317,1.5688023615972824,3.1635683308236358,0.08458929932316492,-0.0007123384897144454,-0.010113608460468378,0.8933566147443905,0.4492339773323095
1790244987362062215,1.54681138424085,3.1962661731964177,0.10459837444714168,-0.0007422014418678724,-0.010392586167384374,0.8979213843394642,0.44003253383727253
1790244987462062120,1.5224802088687654,3.2273547534478655,0.10538719332962168,-0.0009333712622980898,-0.010270861411649967,0.9022570938946929,0.4310751381606515
1790244987562062263,1.4926648752968317,3.260089831565975,0.08706457569855677,-0.001021179547155713,-0.010336529077525743,0.9065404680967428,0.4219911054293358
1790244987662072181,1.4685640393216066,3.2888270623265154,0.05632594152014848,-0.0009012439591175533,-0.010174284688311105,0.9107042577447642,0.412932714392474
1790244987762062311,1.4419890629403882,3.3186976270005473,0.026468942324011865,-0.001305361899047091,-0.00987296226852231,0.9148527884149207,0.40366470761681483
1790244987862062215,1.4169490972880892,3.3449117474566963,0.009651708571293128,-0.0011650318938168313,-0.01026205443349726,0.9187569241968403,0.3946885445251939
1790244987962057113,1.3917115316008672,3.3765393150748215,0.009313072160812513,-0.0013048610202303391,-0.010194172082814723,0.9226728717075687,0.3854466863364269
1790244988062062263,1.3587848522873638,3.4035821234298957,0.02779885540312995,-0.0013317592864848353,-0.010097653143321896,0.9264475187728751,0.3762861394967149
1790244988162067174,1.3325967275525672,3.4277650249412694,0.057348693176048446,-0.0016330921642373436,-0.010000896794090866,0.9301671630833277,0.3669964084216179
1790244988262067317,1.3010375439117587,3.4549430790267825,0.08859503540585191,-0.0015993409900767709,-0.010104989371392209,0.9338000887966527,0.35764888572609
1790244988362067222,1.270231110476291,3.478193941951022,0.10744611761121053,-0.0017270558594940782,-0.010291345950119464,0.9373973630518202,0.34810528467638996
1790244988462057113,1.2457093643164565,3.5075109009591823,0.10637991899572838,-0.0019698344303002396,-0.01010692144641372,0.9408231031998865,0.3387415805242498
1790244988562062263,1.210914452379019,3.533397811218341,0.08909894931637857,-0.002043858191927171,-0.0101121271360618,0.9441570143119491,0.3293343283861488
1790244988662057161,1.1765114190820345,3.5559066444615977,0.059382765522892046,-0.002041330248723338,-0.010122072186591984,0.9473726117452689,0.3199664218944567
1790244988762072324,1.145507209232408,3.5760831467361007,0.028182020892100604,-0.002130899072695162,-0.009920154992929555,0.950551530269092,0.3104010922929687
1790244988862057209,1.1133235237690524,3.6017111976559795,0.010777672842981041,-0.0021717183456971823,-0.009884645030018395,0.9535065107366328,0.3012024425771269
1790244988962057113,1.0801605122305067,3.622444153828319,0.011913652282516873,-0.002395270767458949,-0.009933117194115703,0.9565989481180318,0.29122851563634494
1790244989062072277,1.047652668554638,3.6470080846900514,0.030313627098027228,-0.0023470504959233886,-0.009946800406864168,0.9593723527032247,0.2819578716472128
1790244989162057161,1.0151662838396458,3.663999776363631,0.060685168677543665,-0.0026849278884087525,-0.01001460934326121,0.9621659519939811,0.2722667434428231
1790244989262067317,0.9827414413972715,3.683723043618452,0.08936611043875284,-0.0026625945732186755,-0.009900570863290065,0.964855963840346,0.2625792419974245
1790244989362062215,0.9477611265735194,3.706635118319026,0.10731928355990802,-0.0027976686497542137,-0.009868794355373904,0.9674079995279043,0.25301490548388106
1790244989462067127,0.9100750136982753,3.7216313337531317,0.10715460997482863,-0.002994885996026496,-0.009952931981880707,0.9699182768648316,0.24320877041318067
1790244989562062263,0.8785336897288096,3.7388794556175604,0.09111479298668301,-0.0028751026786941964,-0.009994896110402694,0.9723222906660959,0.23341207961385163
1790244989662062168,0.8470975384875159,3.7592880719011865,0.05909883375330825,-0.0029691153283302255,-0.00994083193262943,0.9745334565694309,0.22400202285021364
1790244989762067317,0.8082432336886771,3.7770700861537696,0.028013699512819814,-0.00316911804014309,-0.00964385682509511,0.9767441551267633,0.2141677103150291
1790244989862062215,0.7698984041548117,3.7949242801464074,0.009705292229032885,-0.003332402702422827,-0.009730268932531299,0.9788709894892897,0.204219986520615
1790244989962062120,0.7342157804806965,3.8050660396263587,0.011464604451849464,-0.003309853890542551,-0.00966466090468588,0.980846145374884,0.19451601039385996
1790244990062057256,0.6983844621902245,3.8226682456967036,0.029178693335110743,-0.0034246179888486566,-0.009608540443552197,0.982736625935295,0.1847286441973015
1790244990162062168,0.6595769751379338,3.836450216445548,0.05874505149349514,-0.0036141055888584722,-0.009489340675038583,0.9845590431648837,0.1747580646953888
1790244990262067317,0.621844469098745,3.8523208211847124,0.08929431914609838,-0.003566038356410516,-0.009764164412594634,0.9862027043063163,0.1652155273639653
1790244990362067222,0.5852834392955921,3.861055597347296,0.10740504072871865,-0.0036283085539357304,-0.009636970163766665,0.9878269990867748,0.1552152829388686
1790244990462072134,0.5450613223722153,3.873687282590736,0.10507259099103826,-0.0037489750876946106,-0.009640332352859618,0.9893690582375196,0.1450581806710455
1790244990562067270,0.5081679730827988,3.8833255301514296,0.08732375007677763,-0.00393345309669518,-0.009470384455361712,0.9907371177192881,0.13540606831951676
1790244990662062168,0.4709279531344679,3.892526376449525,0.057480228855503177,-0.003989179223579109,-0.00940338644609235,0.9920382785899069,0.12552177733089673
1790244990762072324,0.4330779053800196,3.9023989556070653,0.0283738639844638,-0.004235443719875227,-0.009474887161803155,0.993244072433479,0.11557897778136467
1790244990862072229,0.3937504799550672,3.9143364319549456,0.008247327878524306,-0.004114484230866113,-0.009422950431704753,0.9943644100998237,0.10551634447307172
1790244990962062120,0.356679480139426,3.9206571364257203,0.008472044189584105,-0.004354702754316422,-0.009329600673257799,0.9953771947429388,0.09548945125158423
1790244991062067270,0.31474621242306855,3.923805079405368,0.025394894381534274,-0.004403567716298208,-0.009122346299407879,0.9962874541137959,0.08549093615266593
1790244991162072181,0.2728955353159041,3.9309131455096997,0.05657678450956233,-0.00448084788594133,-0.00910200074595115,0.997093145958851,0.07551379917583591
1790244991262072324,0.23681356851812085,3.9362134304592837,0.08686894966296974,-0.004620925328398046,-0.009187614351457447,0.9977866955794448,0.06569585158692524
1790244991362057209,0.19827356543507607,3.9406107589591217,0.10371962575331066,-0.004727779283252004,-0.009189049415137637,0.9983943823620629,0.05569440493626646
1790244991462072134,0.15950496279561677,3.9508720229243313,0.10511884989246671,-0.0046755268100647325,-0.009246951192608344,0.9988937121922397,0.04586921718243195
1790244991562067270,0.11772083946395834,3.948749924458555,0.08589922175021934,-0.004902062651728075,-0.00911555568850007,0.9993032230062997,0.035860074106147895
1790244991662072181,0.08105371207278202,3.9480429930200467,0.053686644980086226,-0.0049736939417626925,-0.008962540539072597,0.9996171495757784,0.025699990449018672
1790244991762072324,0.0415677971440712,3.9517195894314994,0.022002068548883345,-0.005128885976953914,-0.008885226918115992,0.9998229633903534,0.015773051321835138
1790244991862062215,0.0032350013610811584,3.952643388714096,0.007153391014236882,-0.0050702652208081,-0.008928702104908695,0.9999313889577369,0.0056380906148139195
1790244991962067127,-0.03922575924512097,3.954404343108898,0.004935256157219788,-0.0051827073683667025,-0.008773655383935005,0.999937944656604,-0.004502149583919449
1790244992062062263,-0.07815015391145115,3.95278020069188,0.022359951841462035,-0.005287835656657854,-0.008873192688897887,0.9998436522751232,-0.014351872704471337
1790244992162067174,-0.1216912506972417,3.953087677640829,0.05214657629334513,-0.005406909496413946,-0.008627335971396435,0.9996477559174541,-0.024509151195804196
1790244992262067317,-0.1550569754374761,3.9456966150432446,0.08302393594028377,-0.005574108744504909,-0.008762988429736572,0.9993574052585915,-0.034306207888694616
1790244992362062215,-0.19436095305756448,3.938442767178646,0.10110438331584129,-0.0055479482361181385,-0.008745995134041023,0.9989732629656543,-0.04410382884326703
1790244992462062120,-0.23553789828033297,3.9363238487853858,0.0986242543097472,-0.005687540254840363,-0.008504366996520187,0.9984815533373327,-0.05412869176597091
1790244992562067270,-0.2776008308923975,3.9370361257927606,0.08191442991775748,-0.005787666976657162,-0.00850622924239274,0.9978711660087806,-0.06439940234742218
1790244992662072181,-0.3147405755014264,3.930585783545095,0.049352606868723656,-0.005840327306480242,-0.00841046329056556,0.9971814563780155,-0.07432561967042088
1790244992762057304,-0.3512355272561592,3.9219059194595434,0.0189445520789112,-0.005954945833383182,-0.008320883582333348,0.9963898675786025,-0.08427652877641749
1790244992862057209,-0.386476543071718,3.9112836943618743,0.001903683747881992,-0.006006509264330841,-0.008465740485503439,0.995507925533771,-0.09410750917598898
1790244992962067127,-0.4295074437109342,3.9049102104255455,-0.0005629327707264869,-0.006022480427682232,-0.008206063757498884,0.9945111340939348,-0.10413450153369036
1790244993062072277,-0.467934118415538,3.9020373265170463,0.018402126117084933,-0.00611572861119514,-0.008216325045926082,0.9934199933818901,-0.11406930619049983
1790244993162072181,-0.5089535637583353,3.889921841678025,0.04780855542996889,-0.006428378005230056,-0.008072524062105638,0.9922542474719437,-0.12379425949829387
1790244993262072324,-0.5463686380089572,3.8798798774003327,0.07759457712368983,-0.006295500485373778,-0.008154622628326585,0.9909296487105093,-0.13398619372624554
1790244993362057209,-0.5848824996453864,3.8639251617499397,0.09489234699156293,-0.0063536392463846335,-0.007994115746147763,0.9895406258916302,-0.14389258177930148
1790244993462062120,-0.621534040658286,3.8532919947237554,0.09350287945002296,-0.006702444172736842,-0.007711549713450128,0.9880757539387972,-0.15362914346161888
1790244993562057256,-0.6601390718509957,3.8418267650045834,0.07492137166034121,-0.0066457155566053095,-0.00795485024734796,0.9864878181953199,-0.16350638939766798
1790244993662072181,-0.696517092735322,3.828783495602374,0.04488313662886444,-0.006482110106447967,-0.00790487712531698,0.9847914363986868,-0.1734396781631877
1790244993762062311,-0.7334536219911886,3.8179851063877885,0.013755578497976689,-0.006620773520114077,-0.00794901432700528,0.9829967963345936,-0.1833310582647755
1790244993862057209,-0.7715100425260456,3.8047822150812403,-0.006728926852350613,-0.006742270855582606,-0.00763291830537045,0.9811246663135237,-0.19310792187883274
1790244993962057113,-0.8037792705389978,3.7857995059271605,-0.008033699395270762,-0.0068523411241548675,-0.007537078861373212,0.9791478702738851,-0.20289328722458327
1790244994062057256,-0.8411059247465887,3.7674690538924924,0.011443744772688955,-0.006783863069063415,-0.007523197997854483,0.9770664204182892,-0.21269365478091115
1790244994162072181,-0.8742030727487304,3.7517069492448822,0.03981216123915166,-0.007130191180111559,-0.007399273562182258,0.9749248811356879,-0.22229684493121846
1790244994262072324,-0.9138746306958183,3.7370606200005723,0.07113886485827534,-0.007116063950388382,-0.0073080785052419385,0.972626819439155,-0.23214871037636095
1790244994362072229,-0.9482422023838444,3.715578464995719,0.08729605229755917,-0.007211705149510683,-0.007312913583442941,0.9702568272823086,-0.24185988033393097
1790244994462057113,-0.9825481396518346,3.6953043176362574,0.08648620027784257,-0.0071927047174244465,-0.007254556313904297,0.9677379258157085,-0.2517517494452847
1790244994562062263,-1.0158217855729814,3.676872759079884,0.06927280935778266,-0.00728919593777522,-0.007231897580425849,0.965236457544039,-0.2611764696658398
1790244994662072181,-1.05251838507103,3.6549344440004186,0.03716289248945066,-0.007349125409131434,-0.007140025158724683,0.9625037448762833,-0.27107480793111394
1790244994762057304,-1.0829198359270629,3.6356261716039757,0.005987271616524268,-0.007186525003804004,-0.006971808110377363,0.9597642581063139,-0.2806284315798763
1790244994862067222,-1.117180897636996,3.6175567326992577,-0.011721393425783336,-0.007365929298010424,-0.0070567688574548915,0.9569173742586979,-0.2901811226458561
1790244994962057113,-1.1497066125665591,3.5902663250062545,-0.013464595259985366,-0.007744159281280573,-0.006896840218768841,0.954070691713804,-0.29940203206402305
1790244995062057256,-1.1806486668650449,3.568956722781127,0.0038507592473787703,-0.007674140834983963,-0.006687519663031076,0.9509615196923586,-0.30914167093242956
1790244995162062168,-1.214224290150042,3.542887113204966,0.03372999274941011,-0.007646305028329475,-0.006478965287418607,0.947827234222901,-0.3186268838200487
1790244995262062311,-1.247191324301437,3.5222768943038116,0.06330981502012,-0.007824571920626317,-0.00668299228704468,0.9445203181769848,-0.3282917638907221
