stamp_ns,header_stamp_ns,x,y,z,qx,qy,qz,qw
1790245350076535817,1790244976362067222,0.047658100578313344,-0.004102745620113657,0.025079561746628277,0.008763494880214903,-0.005183724709791946,0.01494251048339749,0.9998365124039363
1790245350180295899,1790244976462067127,0.09155841583407769,0.0032121693640703615,0.030923616207692982,0.008765840918124185,-0.005262112323947815,0.024812112591134895,0.9996398497837323
1790245350282611762,1790244976562062263,0.13409852188883775,0.007769117863349908,0.014717898908858117,0.008344515510127153,-0.005134288904642925,0.03493501104600247,0.9993415597990232
1790245350382257458,1790244976662062168,0.175946302821519,0.007527555121572688,-0.013992047651880685,0.008533842581774868,-0.00550503936834178,0.04533087669743194,0.9989204070846526
1790245350479625065,1790244976762067317,0.21859728944510443,0.013411435521536128,-0.04491086561432439,0.008679754868178395,-0.005585353578601091,0.054971081151110886,0.9984345977167889
1790245350582425118,1790244976862072229,0.2581671690039206,0.019001436188401766,-0.06293235731144392,0.008363271736675204,-0.005743108508848117,0.06516348765963517,0.9978230265265081
1790245350678651769,1790244976962067127,0.2994146803906615,0.026696444008259147,-0.06190834444481701,0.008351101233803903,-0.005872743179766996,0.07483182488972302,0.9971439053513642
1790245350779557102,1790244977062067270,0.33274682087028984,0.031094090651128815,-0.04129599747980059,0.0083729703590301,-0.005734371901438242,0.08512294837045516,0.996318771281034
1790245350881195582,1790244977162067174,0.3746808881400921,0.040976323079888945,-0.011060758507017855,0.008326819578588652,-0.005956714121680975,0.0950853829235495,0.9954164714263167
1790245350981328948,1790244977262067317,0.41385991162630387,0.05063941330841593,0.018909562201139152,0.008184287204312727,-0.006220076305987597,0.10453045685331411,0.9944685574133021
1790245351079381713,1790244977362062215,0.44689940339296486,0.05448452415838337,0.03718934051833304,0.00824730437888511,-0.006080250672308583,0.11478386110581136,0.9933376453914525
1790245351182205640,1790244977462062120,0.48564683895967015,0.06299540472978388,0.03556256373645806,0.008099316949726184,-0.006226155718669298,0.12498209698492947,0.9921064012912658
1790245351283127940,1790244977562057256,0.5300731587765828,0.07567355021474213,0.01971010086699897,0.00797632362784282,-0.006331910635633139,0.13465154752590455,0.9908406763541276
1790245351380714522,1790244977662057161,0.5667366853991602,0.08913997052634286,-0.008822985061062475,0.007969837779878974,-0.006535704084603845,0.1445080881622804,0.9894499374468114
1790245351479043436,1790244977762067317,0.6066615386986006,0.10147880275052087,-0.038994764033972666,0.007739172546905807,-0.006429883013422505,0.15447071551337763,0.9879461320646175
1790245351581587880,1790244977862067222,0.6435226265326982,0.11162516702417942,-0.0572746424891795,0.007662347800874904,-0.006531044806606841,0.1643368829532938,0.9863528895790983
1790245351681291868,1790244977962057113,0.6786842537740473,0.12236878523346065,-0.0559021092739215,0.007743734328743383,-0.0065165996422866185,0.17439649289941914,0.9846234974710171
1790245351779900497,1790244978062067270,0.7208025474285483,0.13639190780809446,-0.03657350331459228,0.007697238056726582,-0.006713084087769032,0.1838123843086913,0.9829082838205233
1790245351881544112,1790244978162067174,0.7525929557534076,0.15326141019596587,-0.005379263380258814,0.0077088914422629405,-0.006666232261900252,0.19389999234402083,0.9809683620326745
1790245351979775162,1790244978262072324,0.7888913871318848,0.16879360837325094,0.024855325420296833,0.007548514874801121,-0.006854010049437701,0.20366069214888458,0.9789884396369417
1790245352081119833,1790244978362067222,0.8239126023696417,0.1812801314570206,0.042763965928664154,0.007480327020342448,-0.006949152056758862,0.2131391603180491,0.9769685011975471
1790245352182208460,1790244978462072134,0.8573253966630754,0.20467428725597966,0.042860850185348014,0.007429964063538519,-0.006993725892490812,0.2231493157791797,0.9747308686500795
1790245352281517050,1790244978562057256,0.8952725626330076,0.2177045481178745,0.025787311175649485,0.007337204910446259,-0.007113522083518044,0.23298737165864417,0.9724260629349479
1790245352380839770,1790244978662067174,0.9308013489722458,0.2350453793069342,-0.0028221663193715896,0.007290858796431928,-0.007244371637874078,0.24245341394463063,0.9701086044995524
1790245352479596281,1790244978762057304,0.9650400668264381,0.25662918472537627,-0.03256077693183455,0.007196120335899038,-0.007233093496782558,0.25233565968807076,0.9675859719220054
1790245352580780586,1790244978862062215,1.000498423621009,0.27756285091686544,-0.04884450195890033,0.00707385224910204,-0.007284371102953006,0.26202774727421946,0.965006921327652
1790245352678623091,1790244978962062120,1.034443690635745,0.2979097320390883,-0.048528019712749955,0.0072102685625951,-0.007437640186375949,0.27103581407245125,0.9625135225157507
1790245352778198318,1790244979062062263,1.063878434754631,0.3194852941639424,-0.028218494884442436,0.007019539072942562,-0.00744761014429247,0.28103956607778446,0.9596416109532935
1790245352884482027,1790244979162062168,1.0977661847346358,0.34193567190482804,0.0012925888652665827,0.007024788737034611,-0.007625696349003891,0.29082319521835015,0.9567206333205417
1790245352980716974,1790244979262067317,1.1276490841318167,0.36770059093092927,0.030248054459141284,0.006894134793291601,-0.00744831400828158,0.30011726188133003,0.9538483226617377
1790245353078490053,1790244979362072229,1.1625376299273016,0.3820508179196893,0.04948113548812164,0.0066657744536762755,-0.0075733060625581255,0.3098785137343808,0.950722630009328
1790245353178683652,1790244979462072134,1.195649795250409,0.40711326430396394,0.05094146960866091,0.006823063819674466,-0.00771892922880662,0.31911505509640486,0.9476599841411211
1790245353279703565,1790244979562057256,1.22660945423952,0.43093008404683986,0.033489792177833044,0.006604295553914358,-0.007748011257190299,0.3290204891467895,0.9442679012458566
1790245353382297350,1790244979662067174,1.2589958264037613,0.4585006752643958,0.004039531904721677,0.006568727719390161,-0.007870140843485623,0.33821777962182975,0.941012032997866
1790245353482946535,1790244979762072324,1.2873352666853741,0.48842812859306073,-0.025224196493963486,0.006480080488286599,-0.007848847604454475,0.3479158014075156,0.9374705324856644
1790245353578077581,1790244979862072229,1.316539434854214,0.513339947756376,-0.04332376658724161,0.006253717550414786,-0.0078084876531784465,0.35706890907984984,0.934024471149302
1790245353679852953,1790244979962057113,1.3458741813466095,0.539655865419703,-0.041256145060237066,0.006242788163985798,-0.00789016703503128,0.36629443561174063,0.9304446030257822
1790245353781998897,1790244980062062263,1.3742144328446113,0.5634550552506732,-0.022208667550157865,0.00623639670345529,-0.00812601837623204,0.37557976751610317,0.9267334640628254
1790245353880301162,1790244980162072181,1.4018752476860712,0.5917936800979962,0.009718474836600474,0.006089530643558964,-0.008053424274563424,0.38486686086520105,0.9229168756619354
1790245353983236434,1790244980262072324,1.430936487692987,0.6243892625797887,0.03870493569686998,0.006109919558049576,-0.008296272984948469,0.39397183071317454,0.9190647623219406
1790245354078551990,1790244980362072229,1.4564157876018975,0.6517608183797411,0.05763856712599951,0.005962342242623525,-0.008293533884704224,0.4031420583843828,0.9150804055011261
1790245354178673021,1790244980462062120,1.4812185761783245,0.6787213990463206,0.05962869610092327,0.005859665489713057,-0.008370402266345197,0.41257717995753157,0.9108653420041586
1790245354280651188,1790244980562072277,1.5070414391865794,0.7101300583178689,0.04180273844707741,0.005714785757094863,-0.008526918150336566,0.4215507190021424,0.9067467254968135
1790245354381096634,1790244980662072181,1.5320609430242964,0.7462369350214382,0.011540752660375611,0.00576237405008852,-0.008425131166296186,0.4305306918878184,0.9025182189587854
1790245354480316894,1790244980762052536,1.5588885036365252,0.7760398702371922,-0.018683483227043562,0.005605951101522921,-0.008430635261278544,0.43930828112860576,0.8982793172688379
1790245354579455747,1790244980862072229,1.5852044635131228,0.8058871180929379,-0.03393498534612717,0.005500757128584704,-0.008497267383323672,0.44839418983759144,0.8937786015774345
1790245354681590550,1790244980962067127,1.6009353362946113,0.8393673536026621,-0.03384573649062317,0.005472160223316745,-0.008549114325265578,0.45725772723751773,0.8892763007008068
1790245354781925885,1790244981062067270,1.6248102210472506,0.8667209260989372,-0.014564046341541582,0.005355558869271428,-0.008606645530613785,0.4661757506738519,0.8846340560510682
1790245354881654470,1790244981162072181,1.6478797808803043,0.9027236935927875,0.017168055288771487,0.005210504854830575,-0.00851259305050157,0.4750185063846554,0.8799192036718967
1790245354980141752,1790244981262062311,1.668710589470624,0.9347328503616549,0.04692185542151512,0.005078632925722357,-0.008828163172617068,0.4837989153022507,0.8751199235389078
1790245355082555262,1790244981362067222,1.6892419109237204,0.9692426749288579,0.06611008724591275,0.004961714757333337,-0.008858419848972938,0.4926214046426966,0.8701844985243509
1790245355178335354,1790244981462057113,1.712277408667253,1.0019292820410726,0.06649155149253894,0.004913114277622263,-0.008880164349723968,0.5011806247609643,0.8652831821740182
1790245355281272294,1790244981562067270,1.7285214759317347,1.037557490374933,0.05022499806645814,0.004956665751378479,-0.009081014981956341,0.5098399189624316,0.8602070818492918
1790245355379944258,1790244981662057161,1.7464239040307123,1.0714420304825636,0.019587471429525292,0.004825351664825557,-0.008974090690831887,0.518454151581659,0.8550447206930669
1790245355479538735,1790244981762062311,1.7638939535840816,1.1063261416006216,-0.008997315806843207,0.00457084377944966,-0.008974760314026683,0.5270060265952311,0.8498018645522701
1790245355578971750,1790244981862057209,1.7807966567197038,1.1420519305519148,-0.026254643816012602,0.004686509364081351,-0.009090476494455067,0.5354164704906631,0.8445262595053858
1790245355677988165,1790244981962057113,1.7978312297877233,1.1787687109113671,-0.0258720372469076,0.0045025431810671,-0.009123700782933728,0.5439472310265822,0.8390577423796227
1790245355779506846,1790244982062072277,1.818469901012244,1.2166843062123078,-0.006246880233113983,0.004413903789158241,-0.009156385357532208,0.5522304062802547,0.8336295678776102
1790245355879983321,1790244982162057161,1.8296600822289601,1.2508063869031245,0.02428992543471418,0.004349091477258719,-0.009227853747263651,0.5604386153854266,0.8281331357355206
1790245355979763566,1790244982262062311,1.8435595029388474,1.2919755710824807,0.055101197000802855,0.004229734784422458,-0.009311137121957962,0.5686620130319515,0.822507706348902
1790245356081622049,1790244982362072229,1.8556343965744246,1.3262083977203896,0.0741569454941802,0.004238342341376706,-0.009446972313313913,0.576945103131894,0.8167172945029199
1790245356178604402,1790244982462072134,1.867394302233438,1.3649858297015196,0.07548676011586426,0.0041174616223795205,-0.009378570934889014,0.5850233093436342,0.8109517966200931
1790245356277813342,1790244982562067270,1.8825161934401955,1.4027207903198007,0.0569014031017776,0.0040633740839888955,-0.00948276119190202,0.593316218581142,0.8049033674917296
1790245356380859948,1790244982662062168,1.8913511733547634,1.4419645073467573,0.027781022787741753,0.003990094862135495,-0.009378305012857479,0.6012421576352373,0.7990018738525697
1790245356478785293,1790244982762072324,1.9022437761453967,1.4791826012504576,-0.0017698149292393371,0.003856179478205662,-0.009446667323322317,0.6091979047012839,0.792952585760075
1790245356578677293,1790244982862067222,1.9124944784454556,1.5171163758937896,-0.01849275608971268,0.0039325687884805005,-0.009745520049096994,0.6169184228833222,0.7869569360826252
1790245356678427762,1790244982962062120,1.924435905198689,1.5548177197926214,-0.017242861966854407,0.003690928445009518,-0.009528977805544115,0.6248924605588898,0.7806439574899358
1790245356780717385,1790244983062072277,1.93207747625861,1.5943255658417492,0.0012784321568595893,0.003395298361285071,-0.009626471002430451,0.6326414122594121,0.7743775865165445
1790245356879048381,1790244983162072181,1.9357925280438357,1.6335943719160597,0.03238863475931774,0.003440150459215746,-0.009632063091474253,0.6405173866387975,0.7678755538096776
1790245356978186821,1790244983262062311,1.9427641365947128,1.6729854662946522,0.06363195602458557,0.003258199874127453,-0.009676872865351637,0.648204597219586,0.7613977557152473
1790245357080291203,1790244983362062215,1.9502597067743683,1.7065026660798348,0.08115773162497161,0.0031124565265822986,-0.009717128991882333,0.6556853120120476,0.7549653380320683
1790245357182356894,1790244983462072134,1.952501388952435,1.7444118191541218,0.08240039727489719,0.0031364650391813723,-0.009796172449022481,0.6630351459364284,0.7485175968840958
1790245357279577271,1790244983562072277,1.955756575599121,1.7867024621832828,0.06562506930241,0.0030004702299741785,-0.009860239819466968,0.6705369539549618,0.7418045337078859
1790245357381271197,1790244983662057161,1.9631407278584225,1.8264518092017452,0.035448959714807396,0.0029249313518685616,-0.00986519889263899,0.6778736570493034,0.7351064057030576
1790245357478740345,1790244983762072324,1.9655896606501542,1.8652443813297779,0.007251196574624172,0.0027514693954074324,-0.009866859427770804,0.6853504736441903,0.7281413343414499
1790245357579030420,1790244983862057209,1.9667903695725133,1.9063682740835197,-0.011125058715636385,0.002675099598827947,-0.009748505254818416,0.6927185099243609,0.7211372105884319
1790245357681638802,1790244983962072134,1.9670586227369633,1.9494647301295205,-0.009757635174064675,0.002705319945644789,-0.009744332947871501,0.6996514135510377,0.7144127859543676
1790245357779543832,1790244984062072277,1.9649232740827927,1.9887072418242784,0.007089230331903369,0.0026071947756914995,-0.009978802796659745,0.7070110759702465,0.7071272618738305
1790245357882484278,1790244984162057161,1.9622701580173023,2.027737932499901,0.03977191109990422,0.0025478561147621905,-0.009891664029960119,0.7139122639829235,0.7001606549545175
1790245357977449300,1790244984262067317,1.9644261231310378,2.063403096287903,0.07016595164162324,0.0023935373459357838,-0.009892725222546195,0.7208841475748401,0.6929808444261343
1790245358078670738,1790244984362062215,1.9583899844352344,2.100563322886542,0.09003186618601998,0.002242968648093387,-0.009925307032586327,0.7276881424270489,0.6858326506828253
1790245358177759905,1790244984462057113,1.9574470354976348,2.145050374819921,0.0891378513881009,0.002173627521328165,-0.009966870471456236,0.73458930439071,0.6784353253706482
1790245358278768444,1790244984562072277,1.9600569892364241,2.1824538318860944,0.07084203380281474,0.002064868377209191,-0.010212688759111755,0.7411500768137621,0.6712585202032436
1790245358378593662,1790244984662057161,1.9539905570915221,2.2199649807227555,0.04159125782384056,0.001980829580059521,-0.009973013033557075,0.7479878004525627,0.6636345874793915
1790245358477394896,1790244984762057304,1.9458198351624736,2.2639170694862116,0.0123739247904948,0.0019362318602127132,-0.010115819928293232,0.7546158108994961,0.6560860455256149
1790245358577821717,1790244984862057209,1.939417280072773,2.297426403234964,-0.005261098578519689,0.0020407872546525274,-0.010076910208943022,0.7609831084095375,0.6486902186583018
1790245358679644850,1790244984962057113,1.9326642652886523,2.340494384929936,-0.003953983346724667,0.0015675623490411896,-0.010052350960539556,0.7675330191770815,0.6409286679974088
1790245358778983882,1790244985062067270,1.927385255728333,2.376630470051784,0.015376445057902274,0.0015138924987982269,-0.010011972047551554,0.7738764805344199,0.6332556051235922
1790245358878363926,1790244985162067174,1.914376743636518,2.4188234491071854,0.045853621168370315,0.001446222370128623,-0.010066481621689527,0.7800987776578986,0.62557371386978
1790245358977572655,1790244985262062311,1.9079303835078913,2.4538196220823276,0.07754054838434143,0.001600282356212682,-0.010088632849698628,0.786382148421754,0.6176558711991239
1790245359080900781,1790244985362062215,1.8969703809649225,2.494632494953899,0.0953312856938845,0.0012463140859086989,-0.010245171971409717,0.7926212082096639,0.6096270199460296
1790245359178778140,1790244985462057113,1.886703952476601,2.531926892685098,0.09670586059598867,0.0011136800479142662,-0.01030127311846153,0.7986393155606507,0.6017207717282539
1790245359277676966,1790244985562067270,1.8731103158596007,2.5735984725700276,0.07976466588564861,0.0011007781198517797,-0.010440221855894742,0.8046700021329038,0.593629495326923
1790245359379050408,1790244985662052392,1.8612230099114635,2.61180892715063,0.048851462180504956,0.0009769511334843937,-0.010271783096604002,0.8106566679979812,0.5854308692479746
1790245359480173715,1790244985762072324,1.8465051488801407,2.646378864983234,0.01881141672841439,0.0009017783459868282,-0.010154060168979125,0.8162392170870802,0.5776241185636977
1790245359578999894,1790244985862067222,1.8369521054372773,2.6814198609835254,0.00029057384804645736,0.0008189414478064597,-0.010182986694989939,0.82199027430777,0.5694098919581714
1790245359679250772,1790244985962057113,1.823840786187252,2.7183715808923985,0.0010802240603526101,0.0005619746864618865,-0.010231765484644557,0.8275309859048509,0.5613265204195852
1790245359778121682,1790244986062057256,1.8070128753801704,2.752229026821289,0.021201304045655844,0.0005087842275419087,-0.010163464417894258,0.8331567318477124,0.5529433111142262
1790245359880979879,1790244986162067174,1.7910210156768278,2.7896975101751824,0.05094746208499303,0.0003731120950736144,-0.010225017267057733,0.8387087254137482,0.5444841446025547
1790245359981141471,1790244986262067317,1.7783773561402996,2.825667782856629,0.08244791472055533,0.00027621535817344285,-0.010292507592968203,0.8440921783265054,0.5360992282031423
1790245360081308029,1790244986362057209,1.757812430885038,2.862845975502675,0.10084130037994123,6.773476273379526e-05,-0.010251403038632801,0.8493666414074936,0.5277037166927618
1790245360178226156,1790244986462072134,1.7383387899139884,2.8967361126272895,0.1009250573496381,0.00012021159812989307,-0.01018025497713942,0.8547034444615361,0.5190167338177178
1790245360279429588,1790244986562057256,1.7171343774406833,2.933713053567432,0.0834215040750019,8.948614684480155e-05,-0.01035979473233538,0.8598511843107572,0.5104396217812288
1790245360378322837,1790244986662062168,1.697675504595606,2.9670197109486223,0.05247301532805543,-5.777695964852593e-05,-0.010202076989252844,0.8650694893963389,0.5015482955826935
1790245360477341588,1790244986762067317,1.6782492138249603,3.0040819204783498,0.02253769007137078,-6.338298692228903e-05,-0.010012366344082212,0.8700120067344214,0.4929288555565355
1790245360581106933,1790244986862057209,1.6603587535430604,3.035623979705262,0.004912249443702662,-0.00018957838309991072,-0.010133019141072785,0.8746865725293657,0.4845830019919107
1790245360679043576,1790244986962067127,1.639030168051135,3.0680441327827115,0.005323604696005757,-0.0004044860019223871,-0.010375781255496038,0.8795117791210476,0.4757638173939664
1790245360777667634,1790244987062072277,1.6169488666389504,3.098461117118451,0.02666047862505855,-0.00046365666352642646,-0.01031169612143584,0.8842148004041485,0.46696642351606676
1790245360881478347,1790244987162072181,1.5898207486396212,3.1293749848463097,0.05686035509085094,-0.00039350619214145483,-0.010239651048624494,0.8889314291275864,0.45792565882247177
1790245360980368578,1790244987262067317,1.5665597229109567,3.163685851092365,0.08487922064123152,-0.0006471812595629906,-0.01019055644428994,0.8933663534112617,0.44921296987950204
1790245361079174401,1790244987362062215,1.5459816146373573,3.1966407400068704,0.1037977265652476,-0.0007326569678198721,-0.010342990501919598,0.8978969861879879,0.44008350111688244
1790245361177903780,1790244987462062120,1.5214031883192198,3.225394863910125,0.10539592266177025,-0.0008800898708045927,-0.010325543061152367,0.9022392789360598,0.43111122943710034
1790245361279494471,1790244987562062263,1.4929324216033213,3.258640740445697,0.08737179016507665,-0.001016068609843109,-0.010436826053768127,0.9064365774023248,0.4222117613392314
1790245361379214654,1790244987662072181,1.469438562583648,3.289055066876324,0.056337204070064664,-0.0009012240102186079,-0.010203786506602593,0.9106936935261115,0.41295528463441544
1790245361478360033,1790244987762062311,1.4422570711112783,3.317498417927211,0.025493186105542753,-0.0012886151298416738,-0.009850662994239487,0.9148038776610539,0.4037761376374655
1790245361578233579,1790244987862062215,1.416910853574374,3.341783048438224,0.009064764102610923,-0.0012353446257285959,-0.01025661952203751,0.9186864964369267,0.3948523736076408
1790245361679038791,1790244987962057113,1.391085800068775,3.374341184727359,0.009591772595791399,-0.001293477828589708,-0.010277375746089988,0.9227013995291098,0.3853762184793042
1790245361778572087,1790244988062062263,1.3580334601104003,3.4019243500128606,0.027200068063706794,-0.0013087068761777052,-0.010070174933528122,0.9263984747286539,0.37640768441019706
1790245361877826435,1790244988162067174,1.3310180148940802,3.427628050462738,0.05692799720902171,-0.0015782919893167074,-0.009953230866500799,0.9301565490856525,0.3670248443665396
1790245361979386327,1790244988262067317,1.2998430865902146,3.454440096435724,0.08834495262534232,-0.0015660783345955473,-0.010162827652278633,0.9338023865275855,0.3576413947624669
1790245362077730827,1790244988362067222,1.2694060907351714,3.478504366239047,0.10720238770102165,-0.0016590448040517804,-0.01034041583583154,0.93738772768868,0.34813010692674307
1790245362178675036,1790244988462057113,1.2441020569254821,3.506125405603888,0.10641693491764052,-0.001971734882995517,-0.010170692136953473,0.940843241406288,0.3386837232324629
1790245362279290432,1790244988562062263,1.2089150603363459,3.5324683138752375,0.08883991404325521,-0.0019909969344646945,-0.01010451564578822,0.9441648394014127,0.32931245152948535
1790245362378527355,1790244988662057161,1.1750811920131972,3.5550174354883985,0.059653578617052165,-0.0020594348687736435,-0.01016214545229997,0.9473977415630884,0.3198906200695336
1790245362477785163,1790244988762072324,1.1445034446586781,3.577252302637356,0.027747439685730412,-0.002108747086996921,-0.00993088676956151,0.9505447704788053,0.31042160038980243
1790245362579795725,1790244988862057209,1.112538741313485,3.5999901556718292,0.010617486471889273,-0.0021541824345773014,-0.009878161703840769,0.9534939033455472,0.3012426890428058
1790245362681095304,1790244988962057113,1.0782416204547003,3.6222963617867343,0.01108915068084887,-0.002363550438498417,-0.009952955089067851,0.956612844631278,0.2911824476170364
1790245362778134065,1790244989062072277,1.0457612051320397,3.6476098561569734,0.030226972782265358,-0.002263100937822228,-0.010058545115587146,0.9593918375243962,0.2818882866231542
1790245362878982968,1790244989162057161,1.0137308879392817,3.664039144790381,0.06076480421722091,-0.0026278101676675304,-0.010038556884194562,0.9621662352075632,0.2722654179571446
1790245362979097007,1790244989262067317,0.9811154865169707,3.683511820606356,0.08837997200124467,-0.002616419114675863,-0.009895775805871712,0.9648577874262477,0.26257318601602514
1790245363077637508,1790244989362062215,0.9463475848183976,3.70561074852195,0.10772699837227093,-0.0028098959692855335,-0.009997913281325124,0.9673977287158064,0.2530489689558511
1790245363180181051,1790244989462067127,0.9096062484935781,3.719412204642732,0.10743527732579428,-0.0029842668329238364,-0.010016351788153386,0.9699100031759212,0.24323929079625978
1790245363279022358,1790244989562062263,0.87790573030336,3.738617345184784,0.09086474983365671,-0.002863857526293389,-0.010024774780840863,0.9722959428779531,0.23352066647983816
1790245363378565251,1790244989662062168,0.8469347291973987,3.7606382283487654,0.058617050174069006,-0.002921628168090642,-0.00992837623022578,0.9745243887864506,0.2240426457041674
1790245363478151674,1790244989762067317,0.8077795703602599,3.7758438780062034,0.027606020398628,-0.0031775189564671492,-0.009625707229259081,0.9767420751273553,0.21417788823538889
1790245363578734607,1790244989862062215,0.7690559008507603,3.793235006901897,0.00972242966169653,-0.0033467949899821524,-0.009729060314760956,0.9788654673891709,0.20424627561135572
1790245363678553518,1790244989962062120,0.7332054928306675,3.8042647965334546,0.010895246633452461,-0.0033054694683601147,-0.009641429782890319,0.9808329039500334,0.19458399531236034
1790245363776850968,1790244990062057256,0.6984494781884828,3.821036600199895,0.027672664124423433,-0.0034891494911752506,-0.009575434549011412,0.9827293030121093,0.1847681084218703
1790245363879584178,1790244990162062168,0.6607340086744623,3.8353280820082434,0.05891161971157414,-0.003623707881241139,-0.009527066417621358,0.9845233446848638,0.1749568161479386
1790245363979178857,1790244990262067317,0.6229964735707371,3.8517444789930266,0.08978417021732624,-0.0035239071720758915,-0.009778770536537616,0.9861911348940109,0.1652846126562387
1790245364077244874,1790244990362067222,0.5837411858914904,3.861972739371412,0.1077042455164429,-0.003676860432772439,-0.009641195763406323,0.9878171627325041,0.15527646651097513
1790245364180021668,1790244990462072134,0.5447430754093441,3.8720569204465853,0.10569347000456755,-0.0038248680545769033,-0.009727378821881868,0.9893499050244434,0.14518096952824983
1790245364279657262,1790244990562067270,0.5062826376059005,3.881091323656927,0.08696650644957243,-0.003925181022755677,-0.009517908350578563,0.9907610929542818,0.13522743457604935
1790245364379318868,1790244990662062168,0.47184772036324923,3.891238556266701,0.056679531236886606,-0.0039729651176326,-0.009408318068563997,0.992035584671032,0.12554321106736632
1790245364478448342,1790244990762072324,0.43287430720145553,3.9029648343685825,0.02766572753691939,-0.004138804237739881,-0.009456750348569264,0.9932426705874123,0.1155960098624332
1790245364577687421,1790244990862072229,0.392867319073746,3.9138429901907275,0.008885865753426184,-0.004175694538848546,-0.00947753546174381,0.9943546784455003,0.10560072608479815
1790245364678535681,1790244990962062120,0.3547872942252018,3.9213567562655434,0.0074320679741894735,-0.00425722715611797,-0.009354790377666788,0.9953676198133796,0.09559113630654903
1790245364777612924,1790244991062067270,0.3164903189004337,3.9221421948122983,0.025105498327464226,-0.004378327932514574,-0.009194258696848008,0.9962879616710862,0.08547861299880544
1790245364879994609,1790244991162072181,0.27354113931926527,3.930533371865771,0.056612313834860345,-0.004417103170692847,-0.009186790179447306,0.997093799399788,0.0754986574957873
1790245364980440550,1790244991262072324,0.23597523599437936,3.936701510430051,0.08600817569739976,-0.004644833495349728,-0.009211213653256238,0.9977930723376681,0.06559393157282827
1790245365076854388,1790244991362057209,0.1979577614891976,3.9385945083362595,0.10372545199499886,-0.0048734244448055564,-0.009218054359694403,0.9983951812912941,0.05566272704162062
1790245365179333332,1790244991462072134,0.159829709219781,3.949759950855621,0.1049201782926803,-0.004636823664909991,-0.00927098089344833,0.9988982348767036,0.045769696734405174
1790245365278500633,1790244991562067270,0.1174752501230898,3.9478434539392615,0.0863725766441771,-0.004885080956814934,-0.009171007181018242,0.9993046645226781,0.03580804482135704
1790245365377448889,1790244991662072181,0.07929376488468143,3.946152669090275,0.053631264133155665,-0.004892473423380043,-0.009023629868026838,0.9996165365896875,0.025718040042309855
1790245365479581096,1790244991762072324,0.0414179216721755,3.950955580356848,0.021636425117994962,-0.005128974107310362,-0.008867111634970788,0.9998237239529467,0.015734960314113155
1790245365578777801,1790244991862062215,0.0011560759173157816,3.951723378885077,0.006261594752157045,-0.005049471970021282,-0.00887848561586781,0.9999323778863755,0.005560124085842517
1790245365677915950,1790244991962067127,-0.04091751235487949,3.9542414225268643,0.004616478586456956,-0.005145755360203417,-0.00878492899459181,0.9999382205912679,-0.004461078844140145
1790245365778818527,1790244992062062263,-0.07816094315172059,3.953224163024313,0.02227240747354059,-0.0053265917697211266,-0.008784498825912595,0.9998472081936538,-0.014142852159304688
1790245365878358423,1790244992162067174,-0.11768462782122913,3.950319107506048,0.05183576758996818,-0.005297213717150964,-0.00876558687781401,0.9996525392567602,-0.02428795525317063
1790245365980189137,1790244992262067317,-0.15712416348615116,3.946661808065338,0.08215854511132882,-0.005646306133175887,-0.008739811756475499,0.9993579716876942,-0.03428380581427808
1790245366081983119,1790244992362062215,-0.1953957562679482,3.938138507911663,0.10111923913929399,-0.005468247820720353,-0.00879351390141536,0.9989772236009389,-0.044014532883286495
1790245366179956939,1790244992462062120,-0.23729930973185576,3.937512506613915,0.09870747817086335,-0.005627920713135453,-0.008488778650892405,0.9984728344799879,-0.05429793688799743
1790245366280247287,1790244992562067270,-0.27775015709440826,3.9366654478488923,0.08160567453022514,-0.005795184805584888,-0.008587459801272403,0.9978717103975574,-0.06437950725822628
1790245366380959319,1790244992662072181,-0.3152686467460711,3.930803845776966,0.0490850189363011,-0.005831026666516816,-0.008475603785507718,0.9971815703067782,-0.07431742129755936
1790245366478654280,1790244992762057304,-0.3503870259404359,3.9215004807383314,0.018369717721422856,-0.0059014041937392675,-0.008373599284525092,0.9963949022250111,-0.08421552756406889
1790245366577313676,1790244992862057209,-0.38810149227346513,3.9104083146536928,0.0007300903823348812,-0.005999984942957944,-0.008474769332584635,0.9955081755729719,-0.0941044676523496
1790245366679566134,1790244992962067127,-0.43197715982997703,3.90368676134416,-0.0015235754103769344,-0.005943007587650924,-0.008179483762878055,0.9945137341977334,-0.10411632531729875
1790245366781558190,1790244993062072277,-0.4695056903572303,3.902238387043645,0.018097921731487054,-0.006116516101372082,-0.008223189728771728,0.9934151104746722,-0.11411128630143255
1790245366880314573,1790244993162072181,-0.5085383570397793,3.8909983451010652,0.04625100245914501,-0.006339872601408514,-0.00806397906310086,0.9922523760240972,-0.12381437933820835
1790245366979737304,1790244993262072324,-0.5475167956064139,3.8797269529721046,0.07839258319595568,-0.006323714369108009,-0.008211969473857302,0.990933884240371,-0.13395003268954594
1790245367081975023,1790244993362057209,-0.5852128052537402,3.862396175616248,0.0946040223610486,-0.006331791293656459,-0.00802279281193219,0.9895524763745838,-0.14381042978426953
1790245367180264885,1790244993462062120,-0.6215025954373232,3.8528488808971453,0.09281182828879349,-0.006486425135365108,-0.0077948436747446535,0.9880701443376773,-0.15367028525015083
1790245367281072424,1790244993562057256,-0.6594645187423345,3.841799215115455,0.07380943682854439,-0.006638829235472048,-0.007900028056514647,0.9865158309430984,-0.16334023019765204
1790245367382497634,1790244993662072181,-0.6957871344516452,3.8281685967164747,0.04440506173651468,-0.006445928603812026,-0.007859244814425426,0.9848100291649465,-0.1733374994939121
1790245367479137474,1790244993762062311,-0.733196235935046,3.8163369291814604,0.012422670294117834,-0.006670761962172362,-0.00788738360764821,0.9829980429433035,-0.1833252238061751
1790245367579203458,1790244993862057209,-0.7723553785945544,3.803956953002228,-0.00654637321263999,-0.006771860469505618,-0.007711647261425528,0.9811282373687739,-0.19308561375518404
1790245367680364290,1790244993962057113,-0.8048552779872904,3.7853684014864206,-0.007694240525463665,-0.006929338112204534,-0.007556291104392089,0.9791758117471412,-0.20275506510731336
1790245367777050999,1790244994062057256,-0.8411687770909885,3.7687237857309435,0.010927658857844866,-0.006796988907383073,-0.007555870487735767,0.9770800374891169,-0.21262951371458366
1790245367880061504,1790244994162072181,-0.8749969924618759,3.750201044587903,0.03947333726316885,-0.007083299968893773,-0.007459635937954913,0.9749099750541361,-0.22236169011867174
1790245367980239427,1790244994262072324,-0.9135469519739464,3.7359676236982433,0.07123026651109539,-0.007153728951131588,-0.007360529517185404,0.9725977676866531,-0.23226758072859838
1790245368082940810,1790244994362072229,-0.9485451109652829,3.715775911670136,0.0871083592922279,-0.007224683044172409,-0.0073349401528435745,0.9702898019918484,-0.24172650404483403
1790245368178340729,1790244994462057113,-0.9838240948215126,3.6952351797696816,0.08611562623142713,-0.007246887675334715,-0.007269833094687239,0.9677528401350718,-0.25169241656344393
1790245368283175345,1790244994562062263,-1.0163731246991825,3.6755206684204205,0.06922940336750337,-0.007257671902666802,-0.0072771123183438865,0.9652314073244416,-0.2611947552087935
1790245368382572919,1790244994662072181,-1.0534021319892302,3.6544486421959945,0.036864300815687374,-0.007270196943694894,-0.007168274293136195,0.962508087002374,-0.2710607727693723
1790245368478455438,1790244994762057304,-1.0826659498426692,3.635407149525174,0.0062384425119930646,-0.007205954141623563,-0.007054933920348984,0.9598150095309987,-0.2804522234009466
1790245368577809294,1790244994862067222,-1.1163785906247419,3.6177274593514337,-0.012224834121690873,-0.007375515934715372,-0.007027692504034853,0.9569541096333374,-0.2900604167373825
1790245368678595300,1790244994962057113,-1.1486763512101865,3.591895410156753,-0.013445426096008448,-0.0077074155445434915,-0.006892505101501045,0.9541067529281154,-0.29928814399378023
1790245368779497746,1790244995062057256,-1.17922005885393,3.568068580602792,0.0033247376752795093,-0.007761991454546546,-0.006812068519567324,0.9509920133496522,-0.30904293836867075
1790245368880281801,1790244995162062168,-1.213310255074575,3.543277121862446,0.033701234549185784,-0.007701500133423104,-0.006457275628880999,0.9478211862211082,-0.31864398540812916
1790245368981693292,1790244995262062311,-1.2480658623521756,3.519105952443983,0.06284308819353594,-0.007717737185420708,-0.006666485836472626,0.9445550255350176,-0.3281947565624469
